<?xml version="1.0" encoding="UTF-8"?>
<beans xmlns="http://www.springframework.org/schema/beans"
	xmlns:xsi="http://www.w3.org/2001/XMLSchema-instance"
	xsi:schemaLocation="http://www.springframework.org/schema/beans http://www.springframework.org/schema/beans/spring-beans.xsd">

	<!--
		* root-context.xml : 서버 구동과 함께 web.xml 파일을 거쳐서 바로 읽혀지는 파일
							=> 서버 구동과 동시에 바로 빈으로 설정해야되는 내용 작성
							   DB 연결 / 트랜잭션 처리 / 내,외부 모듈 연동 등 
	 -->
	 <bean class="org.apache.commons.dbcp.BasicDataSource"
	 	   id="dataSource" destroy-method="close">
	 	   
	 	   <property name="driverClassName" value="oracle.jdbc.driver.OracleDriver" />
	 	   <property name="url" value="jdbc:oracle:thin:@localhost:1521:xe" />
	 	   <property name="username" value="C##spring" />
	 	   <property name="password" value="spring" />
	 	   
     </bean>
     
     <!-- * 참고 * 위의 설정이 아래와 같은 코드로 동작될 것임!
     	  BasicDataSource dataSource = new BasicDataSource();
     	  
     	  dataSource.setDriverClassName("oracle.jdbc.driver.OracleDriver");
     	  dataSource.setUrl("jdbc:oracle:thin:@localhost:1521:xe");
     	  dataSource.setUserName("C##spring");
     	  dataSource.setPassword("spring");
      -->
      
      <bean class="org.mybatis.spring.SqlSessionFactoryBean" id="sqlSessionFactory">
			<property name="configLocation" value="classpath:mybatis-config.xml" />
			<property name="dataSource" ref="dataSource" />
      </bean>
      <!--	 * 참고 * 
      	  SqlSessionFactoryBean sqlSessionFactory = new SqlSessionFactoryBean();
      	   sqlSessionFactory.setConfigLocation("classpath:mybatis-config.xml");
      	   sqlSessionFactory.setDataSource(dataSource);
       -->
      
      <bean class="org.mybatis.spring.SqlSessionTemplate" id="sqlSession">
      		<constructor-arg ref="sqlSessionFactory" />
      </bean>
		<!--  * 참고 *
			SqlSessionTemplate sqlSession = new SqlSessionTemplate(sqlSessionFactory);
		-->
		
		<!-- 
			* property : setter를 통한 주입
			* constructor-arg : 생성자를 통한 주입
		 -->
		 
		 <!-- 파일 업로드 관련 빈 등록 -->
		 <bean class="org.springframework.web.multipart.commons.CommonsMultipartResolver"
		 		id="multipartResolver">
		 		<property name="maxUploadSize" value="100000000" />
		 		<property name="maxInMemorySize" value="100000000" />
		 </bean>
</beans>








