<?xml version="1.0" encoding="UTF-8" ?>
<!DOCTYPE mapper
  PUBLIC "-//mybatis.org//DTD Mapper 3.0//EN"
  "https://mybatis.org/dtd/mybatis-3-mapper.dtd">
<mapper namespace="boardMapper">

	<resultMap id="boardResultSet" type="Board">
		<result column="board_no" property="boardNo" />
		<result column="board_title" property="boardTitle" />
		<result column="board_writer" property="boardWriter" />
		<result column="origin_name" property="originName" />
		<result column="change_name" property="changeName" />
		<result column="count" property="count" />
		<result column="create_date" property="createDate" />
		<result column="board_content" property="boardContent" />
	</resultMap>

	<select id="selectListCount" resultType="_int">
		SELECT COUNT(*) 
		FROM BOARD
		WHERE STATUS = 'Y'
	</select>

	<select id="selectList" resultMap="boardResultSet">
		SELECT BOARD_NO
		     , BOARD_TITLE
		     , BOARD_WRITER
		     , ORIGIN_NAME
		     , CHANGE_NAME
		     , COUNT
		     , TO_CHAR(CREATE_DATE, 'YYYY-MM-DD') "CREATE_DATE"
		FROM BOARD
		WHERE STATUS = 'Y'
		ORDER BY BOARD_NO DESC	
	</select>

	<insert id="insertBoard">
		INSERT INTO BOARD ( BOARD_NO
						  , BOARD_TITLE
						  , BOARD_WRITER
						  , ORIGIN_NAME
						  , CHANGE_NAME
						  , BOARD_CONTENT
						  )
			   VALUES ( SEQ_BNO.NEXTVAL
			   			, #{boardTitle}
			   			, #{boardWriter}
			   			, #{originName}
			   			, #{changeName}
			   			, #{boardContent})	
	</insert>
	
	<update id="increaseCount">
	
		UPDATE BOARD
		   SET COUNT = COUNT + 1
		 WHERE BOARD_NO = #{boardNo} AND STATUS = 'Y'
	
	</update>
	
	<select id="selectBoard" resultMap="boardResultSet">
		SELECT BOARD_NO
		     , BOARD_TITLE
		     , BOARD_WRITER
		     , TO_CHAR(CREATE_DATE, 'YYYY-MM-DD') "CREATE_DATE"
		     , ORIGIN_NAME
		     , CHANGE_NAME
		     , BOARD_CONTENT
		  FROM BOARD
		 WHERE BOARD_NO = #{boardNo} AND STATUS = 'Y'
	</select>

	<update id="updateBoard">
		UPDATE BOARD
		   SET BOARD_TITLE = #{boardTitle}
		     , BOARD_CONTENT = #{boardContent}
		     , ORIGIN_NAME = #{originName}
		     , CHANGE_NAME = #{changeName}
		 WHERE BOARD_NO = #{boardNo}
	</update>
	
	<update id="deleteBoard">
		UPDATE BOARD
		   SET STATUS = 'N'
		 WHERE BOARD_NO = #{boardNo}
	</update>
	
	
	<select id="selectBoardTop5" resultMap="boardResultSet">
		SELECT *
		FROM (SELECT BOARD_NO
		     , BOARD_TITLE
		     , BOARD_WRITER
		     , ORIGIN_NAME
		     , CHANGE_NAME
		     , COUNT
		     , TO_CHAR(CREATE_DATE, 'YYYY-MM-DD') "CREATE_DATE"
		FROM BOARD
		WHERE STATUS = 'Y'
		ORDER BY COUNT DESC)
		WHERE ROWNUM BETWEEN 1 AND 5	
	</select>

	<!-- ********************************************** -->
	<resultMap id="replyResultSet" type="Reply">
		<result column="REPLY_CONTENT" property="replyContent" />
		<result column="REPLY_WRITER" property="replyWriter" />
		<result column="CREATE_DATE" property="createDate" />
		<result column="REPLY_NO" property="replyNo" />
		<result column="REF_BNO" property="refBno" />
	</resultMap>
	
	<select id="selectReplyList" resultMap="replyResultSet">
		SELECT REPLY_CONTENT
			 , REPLY_WRITER
			 , TO_CHAR(CREATE_DATE, 'YYYY-MM-DD') "CREATE_DATE"
			 , REPLY_NO
			 , REF_BNO
	      FROM REPLY
	     WHERE REF_BNO = #{boardNo} AND STATUS = 'Y'
	  ORDER BY REPLY_NO DESC
	</select>
	
	<select id="selectReplyList2" resultType="Reply">
		SELECT REPLY_CONTENT as replyContent
			 , REPLY_WRITER as replyWriter
			 , TO_CHAR(CREATE_DATE, 'YYYY-MM-DD') "createDate"
			 , REPLY_NO as replyNo
			 , REF_BNO as refBno
	      FROM REPLY
	     WHERE REF_BNO = #{boardNo} AND STATUS = 'Y'
	  ORDER BY REPLY_NO DESC
	</select>
	
	<insert id="insertReply">
		INSERT INTO REPLY (REPLY_NO
						 , REPLY_CONTENT
						 , REF_BNO
						 , REPLY_WRITER)
        	    VALUES (SEQ_RNO.NEXTVAL
        	    		, #{replyContent}
        	    		, #{refBno}
        	    		, #{replyWriter})
	</insert>
</mapper>



