<?xml version="1.0" encoding="UTF-8" ?>
<!DOCTYPE mapper
  PUBLIC "-//mybatis.org//DTD Mapper 3.0//EN"
  "https://mybatis.org/dtd/mybatis-3-mapper.dtd">
<mapper namespace="memberMapper">

	<resultMap id="memberResultMap" type="Member">
		<result column="user_id" property="userId" />
		<result column="user_pwd" property="userPwd" />
		<result column="user_name" property="userName" />
		<result column="email" property="email" />
		<result column="gender" property="gender" />
		<result column="age" property="age" />
		<result column="phone" property="phone" />
		<result column="address" property="address" />		
		<result column="enroll_date" property="enrollDate" />
		<result column="modify_date" property="modifyDate" />
		<result column="status" property="status" />		
	</resultMap>

	<select id="loginMember" resultMap="memberResultMap">
	<!-- 암호화 처리 전 sql문 
		SELECT * 
		  FROM MEMBER
		 WHERE USER_ID = #{userId} 
		       AND USER_PWD = #{userPwd}
		       AND STATUS = 'Y'
	-->
	
	<!-- 암호화 처리 후 sql문 -->
		SELECT * 
		  FROM MEMBER
		 WHERE USER_ID = #{userId} 
		       AND STATUS = 'Y'	
	</select>
	
	<insert id="insertMember">
		INSERT INTO MEMBER ( USER_ID
							, USER_PWD
							, USER_NAME
							, EMAIL
							, AGE
							, PHONE
							, ADDRESS
							, GENDER
							)
				VALUES ( #{userId}
						, #{userPwd}
						, #{userName}
						, #{email}
						, #{age}
						, #{phone}
						, #{address}
						, #{gender}
						)
	</insert>
	
	<update id="updateMember">
		UPDATE MEMBER
		   SET USER_NAME = #{userName}
		     , EMAIL = #{email}
		     , AGE = #{age}
		     , PHONE = #{phone}
		     , ADDRESS = #{address}
		     , GENDER = #{gender}
		 WHERE USER_ID = #{userId} AND STATUS = 'Y'
	</update>
	
	<update id="deleteMember">
		UPDATE MEMBER
		   SET STATUS = 'N'
		 WHERE USER_ID = #{userId} AND STATUS = 'Y'
	</update>
</mapper>





